{"color":{"r":0.2666666666666667,"b":0.7725490196078432,"g":0.5019607843137255,"a":1},"version":1,"parentId":"8F465CFE-188C-4863-BEAB-4A7F22D4A20E","name":"$blue","index":0}