{"color":{"r":0.7333333333333333,"b":0.7333333333333333,"g":0.7333333333333333,"a":1},"version":1,"parentId":"8F465CFE-188C-4863-BEAB-4A7F22D4A20E","name":"$light-gray","index":7}