{"color":{"r":0.9803921568627451,"b":0.9803921568627451,"g":0.9803921568627451,"a":1},"version":1,"parentId":"8F465CFE-188C-4863-BEAB-4A7F22D4A20E","name":"$light-snow","index":10}