{"color":{"r":0.2901960784313726,"b":0.2901960784313726,"g":0.2901960784313726,"a":1},"version":1,"parentId":"8F465CFE-188C-4863-BEAB-4A7F22D4A20E","name":"$black","index":4}