{"color":{"r":0.8901960784313725,"b":0.8901960784313725,"g":0.8901960784313725,"a":1},"version":1,"parentId":"8F465CFE-188C-4863-BEAB-4A7F22D4A20E","name":"$dark-snow","index":8}