{"color":{"r":0.9411764705882353,"b":0.203921568627451,"g":0.4901960784313725,"a":1},"version":1,"parentId":"8F465CFE-188C-4863-BEAB-4A7F22D4A20E","name":"$orange","index":3}