{"color":{"r":0.9254901960784314,"b":0.2470588235294118,"g":0.6627450980392157,"a":1},"version":1,"parentId":"8F465CFE-188C-4863-BEAB-4A7F22D4A20E","name":"$gold","index":1}