{"color":{"r":0.9450980392156862,"b":0.9450980392156862,"g":0.9450980392156862,"a":1},"version":1,"parentId":"8F465CFE-188C-4863-BEAB-4A7F22D4A20E","name":"$snow","index":9}